業務別,"銀行代號/BIC",金融機構名稱
"跨行自動化服務機器業務(金融卡)",004,臺灣銀行
"跨行自動化服務機器業務(金融卡)",005,臺灣土地銀行
"跨行自動化服務機器業務(金融卡)",006,合作金庫商業銀行
"跨行自動化服務機器業務(金融卡)",007,第一商業銀行
"跨行自動化服務機器業務(金融卡)",008,華南商業銀行
"跨行自動化服務機器業務(金融卡)",009,彰化商業銀行
"跨行自動化服務機器業務(金融卡)",011,上海商業儲蓄銀行
"跨行自動化服務機器業務(金融卡)",012,台北富邦商業銀行
"跨行自動化服務機器業務(金融卡)",013,國泰世華商業銀行
"跨行自動化服務機器業務(金融卡)",016,高雄銀行
"跨行自動化服務機器業務(金融卡)",017,兆豐國際商業銀行
"跨行自動化服務機器業務(金融卡)",018,全國農業金庫
"跨行自動化服務機器業務(金融卡)",020,日商瑞穗銀行台北分行
"跨行自動化服務機器業務(金融卡)",021,花旗(台灣)商業銀行
"跨行自動化服務機器業務(金融卡)",022,美國銀行台北分行
"跨行自動化服務機器業務(金融卡)",023,泰國盤谷銀行台北分行
"跨行自動化服務機器業務(金融卡)",025,菲律賓首都銀行台北分行
"跨行自動化服務機器業務(金融卡)",039,澳商澳盛銀行台北分行
"跨行自動化服務機器業務(金融卡)",048,王道商業銀行
"跨行自動化服務機器業務(金融卡)",050,臺灣中小企業銀行
"跨行自動化服務機器業務(金融卡)",052,渣打國際商業銀行
"跨行自動化服務機器業務(金融卡)",053,台中商業銀行
"跨行自動化服務機器業務(金融卡)",054,京城商業銀行
"跨行自動化服務機器業務(金融卡)",072,德商德意志銀行台北分行
"跨行自動化服務機器業務(金融卡)",075,香港商東亞銀行台北分行
"跨行自動化服務機器業務(金融卡)",081,匯豐(台灣)商業銀行
"跨行自動化服務機器業務(金融卡)",082,法國巴黎銀行台北分行
"跨行自動化服務機器業務(金融卡)",101,瑞興商業銀行
"跨行自動化服務機器業務(金融卡)",102,華泰商業銀行
"跨行自動化服務機器業務(金融卡)",103,臺灣新光商業銀行
"跨行自動化服務機器業務(金融卡)",108,陽信商業銀行
"跨行自動化服務機器業務(金融卡)",114,基隆第一信用合作社
"跨行自動化服務機器業務(金融卡)",115,基隆市第二信用合作社
"跨行自動化服務機器業務(金融卡)",118,板信商業銀行
"跨行自動化服務機器業務(金融卡)",119,淡水第一信用合作社
"跨行自動化服務機器業務(金融卡)",130,新竹第一信用合作社
"跨行自動化服務機器業務(金融卡)",132,新竹第三信用合作社
"跨行自動化服務機器業務(金融卡)",146,台中市第二信用合作社
"跨行自動化服務機器業務(金融卡)",147,三信商業銀行
"跨行自動化服務機器業務(金融卡)",162,彰化第六信用合作社
"跨行自動化服務機器業務(金融卡)",204,高雄市第三信用合作社
"跨行自動化服務機器業務(金融卡)",215,花蓮第一信用合作社
"跨行自動化服務機器業務(金融卡)",216,花蓮第二信用合作社
"跨行自動化服務機器業務(金融卡)",600,農金資訊股份有限公司
"跨行自動化服務機器業務(金融卡)",700,中華郵政股份有限公司
"跨行自動化服務機器業務(金融卡)",803,聯邦商業銀行
"跨行自動化服務機器業務(金融卡)",805,遠東國際商業銀行
"跨行自動化服務機器業務(金融卡)",806,元大商業銀行
"跨行自動化服務機器業務(金融卡)",807,永豐商業銀行
"跨行自動化服務機器業務(金融卡)",808,玉山商業銀行
"跨行自動化服務機器業務(金融卡)",809,凱基商業銀行
"跨行自動化服務機器業務(金融卡)",810,星展(台灣)商業銀行
"跨行自動化服務機器業務(金融卡)",812,台新國際商業銀行
"跨行自動化服務機器業務(金融卡)",815,日盛國際商業銀行
"跨行自動化服務機器業務(金融卡)",816,安泰商業銀行
"跨行自動化服務機器業務(金融卡)",822,中國信託商業銀行
"跨行自動化服務機器業務(金融卡)",952,財團法人農漁會南區資訊中心
"跨行自動化服務機器業務(金融卡)",997,中華民國信用合作社聯合社南區聯合資訊處理中心
"通匯業務-入戶電匯",000,中央銀行國庫局
"通匯業務-入戶電匯",004,臺灣銀行
"通匯業務-入戶電匯",005,臺灣土地銀行
"通匯業務-入戶電匯",006,合作金庫商業銀行
"通匯業務-入戶電匯",007,第一商業銀行
"通匯業務-入戶電匯",008,華南商業銀行
"通匯業務-入戶電匯",009,彰化商業銀行
"通匯業務-入戶電匯",011,上海商業儲蓄銀行
"通匯業務-入戶電匯",012,台北富邦商業銀行
"通匯業務-入戶電匯",013,國泰世華商業銀行
"通匯業務-入戶電匯",016,高雄銀行
"通匯業務-入戶電匯",017,兆豐國際商業銀行
"通匯業務-入戶電匯",018,全國農業金庫
"通匯業務-入戶電匯",020,日商瑞穗銀行台北分行
"通匯業務-入戶電匯",021,花旗(台灣)商業銀行
"通匯業務-入戶電匯",022,美國銀行台北分行
"通匯業務-入戶電匯",023,泰國盤谷銀行台北分行
"通匯業務-入戶電匯",025,菲律賓首都銀行台北分行
"通匯業務-入戶電匯",029,新加坡商大華銀行台北分行
"通匯業務-入戶電匯",030,美商道富銀行台北分行
"通匯業務-入戶電匯",037,法商法國興業銀行台北分行
"通匯業務-入戶電匯",039,澳商澳盛銀行台北分行
"通匯業務-入戶電匯",048,王道商業銀行
"通匯業務-入戶電匯",050,臺灣中小企業銀行
"通匯業務-入戶電匯",052,渣打國際商業銀行
"通匯業務-入戶電匯",053,台中商業銀行
"通匯業務-入戶電匯",054,京城商業銀行
"通匯業務-入戶電匯",060,兆豐票券金融股份有限公司
"通匯業務-入戶電匯",061,中華票券金融股份有限公司
"通匯業務-入戶電匯",062,國際票券金融股份有限公司
"通匯業務-入戶電匯",066,萬通票券金融股份有限公司
"通匯業務-入戶電匯",072,德商德意志銀行台北分行
"通匯業務-入戶電匯",075,香港商東亞銀行台北分行
"通匯業務-入戶電匯",076,美商摩根大通銀行台北分行
"通匯業務-入戶電匯",081,匯豐(台灣)商業銀行
"通匯業務-入戶電匯",082,法國巴黎銀行台北分行
"通匯業務-入戶電匯",085,新加坡商新加坡華僑銀行台北分行
"通匯業務-入戶電匯",086,法商東方匯理銀行台北分行
"通匯業務-入戶電匯",092,瑞士商瑞士銀行台北分行
"通匯業務-入戶電匯",093,荷商安智銀行台北分行
"通匯業務-入戶電匯",098,日商三菱日聯銀行台北分行
"通匯業務-入戶電匯",101,瑞興商業銀行
"通匯業務-入戶電匯",102,華泰商業銀行
"通匯業務-入戶電匯",103,臺灣新光商業銀行
"通匯業務-入戶電匯",108,陽信商業銀行
"通匯業務-入戶電匯",114,基隆第一信用合作社
"通匯業務-入戶電匯",115,基隆市第二信用合作社
"通匯業務-入戶電匯",118,板信商業銀行
"通匯業務-入戶電匯",119,淡水第一信用合作社
"通匯業務-入戶電匯",130,新竹第一信用合作社
"通匯業務-入戶電匯",132,新竹第三信用合作社
"通匯業務-入戶電匯",146,台中市第二信用合作社
"通匯業務-入戶電匯",147,三信商業銀行
"通匯業務-入戶電匯",162,彰化第六信用合作社
"通匯業務-入戶電匯",204,高雄市第三信用合作社
"通匯業務-入戶電匯",215,花蓮第一信用合作社
"通匯業務-入戶電匯",216,花蓮第二信用合作社
"通匯業務-入戶電匯",321,日商三井住友銀行台北分行
"通匯業務-入戶電匯",326,西班牙商西班牙對外銀行臺北分行
"通匯業務-入戶電匯",372,大慶票券金融股份有限公司
"通匯業務-入戶電匯",380,大陸商中國銀行臺北分行
"通匯業務-入戶電匯",381,大陸商交通銀行臺北分行
"通匯業務-入戶電匯",382,大陸商中國建設銀行臺北分行
"通匯業務-入戶電匯",600,農金資訊股份有限公司
"通匯業務-入戶電匯",700,中華郵政股份有限公司
"通匯業務-入戶電匯",803,聯邦商業銀行
"通匯業務-入戶電匯",805,遠東國際商業銀行
"通匯業務-入戶電匯",806,元大商業銀行
"通匯業務-入戶電匯",807,永豐商業銀行
"通匯業務-入戶電匯",808,玉山商業銀行
"通匯業務-入戶電匯",809,凱基商業銀行
"通匯業務-入戶電匯",810,星展(台灣)商業銀行
"通匯業務-入戶電匯",812,台新國際商業銀行
"通匯業務-入戶電匯",815,日盛國際商業銀行
"通匯業務-入戶電匯",816,安泰商業銀行
"通匯業務-入戶電匯",822,中國信託商業銀行
"通匯業務-入戶電匯",952,財團法人農漁會南區資訊中心
"通匯業務-入戶電匯",995,關貿網路股份有限公司
"通匯業務-入戶電匯",996,財政部國庫署
"通匯業務-入戶電匯",997,中華民國信用合作社聯合社南區聯合資訊處理中心
"通匯業務-公庫匯款",000,中央銀行國庫局
"通匯業務-公庫匯款",004,臺灣銀行
"通匯業務-公庫匯款",005,臺灣土地銀行
"通匯業務-公庫匯款",006,合作金庫商業銀行
"通匯業務-公庫匯款",007,第一商業銀行
"通匯業務-公庫匯款",008,華南商業銀行
"通匯業務-公庫匯款",009,彰化商業銀行
"通匯業務-公庫匯款",011,上海商業儲蓄銀行
"通匯業務-公庫匯款",012,台北富邦商業銀行
"通匯業務-公庫匯款",013,國泰世華商業銀行
"通匯業務-公庫匯款",016,高雄銀行
"通匯業務-公庫匯款",017,兆豐國際商業銀行
"通匯業務-公庫匯款",018,全國農業金庫
"通匯業務-公庫匯款",020,日商瑞穗銀行台北分行
"通匯業務-公庫匯款",021,花旗(台灣)商業銀行
"通匯業務-公庫匯款",022,美國銀行台北分行
"通匯業務-公庫匯款",023,泰國盤谷銀行台北分行
"通匯業務-公庫匯款",025,菲律賓首都銀行台北分行
"通匯業務-公庫匯款",029,新加坡商大華銀行台北分行
"通匯業務-公庫匯款",030,美商道富銀行台北分行
"通匯業務-公庫匯款",037,法商法國興業銀行台北分行
"通匯業務-公庫匯款",039,澳商澳盛銀行台北分行
"通匯業務-公庫匯款",048,王道商業銀行
"通匯業務-公庫匯款",050,臺灣中小企業銀行
"通匯業務-公庫匯款",052,渣打國際商業銀行
"通匯業務-公庫匯款",053,台中商業銀行
"通匯業務-公庫匯款",054,京城商業銀行
"通匯業務-公庫匯款",060,兆豐票券金融股份有限公司
"通匯業務-公庫匯款",061,中華票券金融股份有限公司
"通匯業務-公庫匯款",062,國際票券金融股份有限公司
"通匯業務-公庫匯款",066,萬通票券金融股份有限公司
"通匯業務-公庫匯款",072,德商德意志銀行台北分行
"通匯業務-公庫匯款",075,香港商東亞銀行台北分行
"通匯業務-公庫匯款",076,美商摩根大通銀行台北分行
"通匯業務-公庫匯款",081,匯豐(台灣)商業銀行
"通匯業務-公庫匯款",082,法國巴黎銀行台北分行
"通匯業務-公庫匯款",085,新加坡商新加坡華僑銀行台北分行
"通匯業務-公庫匯款",086,法商東方匯理銀行台北分行
"通匯業務-公庫匯款",092,瑞士商瑞士銀行台北分行
"通匯業務-公庫匯款",093,荷商安智銀行台北分行
"通匯業務-公庫匯款",098,日商三菱日聯銀行台北分行
"通匯業務-公庫匯款",101,瑞興商業銀行
"通匯業務-公庫匯款",102,華泰商業銀行
"通匯業務-公庫匯款",103,臺灣新光商業銀行
"通匯業務-公庫匯款",108,陽信商業銀行
"通匯業務-公庫匯款",114,基隆第一信用合作社
"通匯業務-公庫匯款",115,基隆市第二信用合作社
"通匯業務-公庫匯款",118,板信商業銀行
"通匯業務-公庫匯款",119,淡水第一信用合作社
"通匯業務-公庫匯款",130,新竹第一信用合作社
"通匯業務-公庫匯款",132,新竹第三信用合作社
"通匯業務-公庫匯款",146,台中市第二信用合作社
"通匯業務-公庫匯款",147,三信商業銀行
"通匯業務-公庫匯款",162,彰化第六信用合作社
"通匯業務-公庫匯款",204,高雄市第三信用合作社
"通匯業務-公庫匯款",215,花蓮第一信用合作社
"通匯業務-公庫匯款",216,花蓮第二信用合作社
"通匯業務-公庫匯款",321,日商三井住友銀行台北分行
"通匯業務-公庫匯款",326,西班牙商西班牙對外銀行臺北分行
"通匯業務-公庫匯款",372,大慶票券金融股份有限公司
"通匯業務-公庫匯款",380,大陸商中國銀行臺北分行
"通匯業務-公庫匯款",381,大陸商交通銀行臺北分行
"通匯業務-公庫匯款",382,大陸商中國建設銀行臺北分行
"通匯業務-公庫匯款",600,農金資訊股份有限公司
"通匯業務-公庫匯款",700,中華郵政股份有限公司
"通匯業務-公庫匯款",803,聯邦商業銀行
"通匯業務-公庫匯款",805,遠東國際商業銀行
"通匯業務-公庫匯款",806,元大商業銀行
"通匯業務-公庫匯款",807,永豐商業銀行
"通匯業務-公庫匯款",808,玉山商業銀行
"通匯業務-公庫匯款",809,凱基商業銀行
"通匯業務-公庫匯款",810,星展(台灣)商業銀行
"通匯業務-公庫匯款",812,台新國際商業銀行
"通匯業務-公庫匯款",815,日盛國際商業銀行
"通匯業務-公庫匯款",816,安泰商業銀行
"通匯業務-公庫匯款",822,中國信託商業銀行
"通匯業務-公庫匯款",952,財團法人農漁會南區資訊中心
"通匯業務-公庫匯款",995,關貿網路股份有限公司
"通匯業務-公庫匯款",996,財政部國庫署
"通匯業務-公庫匯款",997,中華民國信用合作社聯合社南區聯合資訊處理中心
"通匯業務-同業匯款",000,中央銀行國庫局
"通匯業務-同業匯款",004,臺灣銀行
"通匯業務-同業匯款",005,臺灣土地銀行
"通匯業務-同業匯款",006,合作金庫商業銀行
"通匯業務-同業匯款",007,第一商業銀行
"通匯業務-同業匯款",008,華南商業銀行
"通匯業務-同業匯款",009,彰化商業銀行
"通匯業務-同業匯款",011,上海商業儲蓄銀行
"通匯業務-同業匯款",012,台北富邦商業銀行
"通匯業務-同業匯款",013,國泰世華商業銀行
"通匯業務-同業匯款",016,高雄銀行
"通匯業務-同業匯款",017,兆豐國際商業銀行
"通匯業務-同業匯款",018,全國農業金庫
"通匯業務-同業匯款",020,日商瑞穗銀行台北分行
"通匯業務-同業匯款",021,花旗(台灣)商業銀行
"通匯業務-同業匯款",022,美國銀行台北分行
"通匯業務-同業匯款",023,泰國盤谷銀行台北分行
"通匯業務-同業匯款",025,菲律賓首都銀行台北分行
"通匯業務-同業匯款",029,新加坡商大華銀行台北分行
"通匯業務-同業匯款",030,美商道富銀行台北分行
"通匯業務-同業匯款",037,法商法國興業銀行台北分行
"通匯業務-同業匯款",039,澳商澳盛銀行台北分行
"通匯業務-同業匯款",048,王道商業銀行
"通匯業務-同業匯款",050,臺灣中小企業銀行
"通匯業務-同業匯款",052,渣打國際商業銀行
"通匯業務-同業匯款",053,台中商業銀行
"通匯業務-同業匯款",054,京城商業銀行
"通匯業務-同業匯款",060,兆豐票券金融股份有限公司
"通匯業務-同業匯款",061,中華票券金融股份有限公司
"通匯業務-同業匯款",062,國際票券金融股份有限公司
"通匯業務-同業匯款",066,萬通票券金融股份有限公司
"通匯業務-同業匯款",072,德商德意志銀行台北分行
"通匯業務-同業匯款",075,香港商東亞銀行台北分行
"通匯業務-同業匯款",076,美商摩根大通銀行台北分行
"通匯業務-同業匯款",081,匯豐(台灣)商業銀行
"通匯業務-同業匯款",082,法國巴黎銀行台北分行
"通匯業務-同業匯款",085,新加坡商新加坡華僑銀行台北分行
"通匯業務-同業匯款",086,法商東方匯理銀行台北分行
"通匯業務-同業匯款",092,瑞士商瑞士銀行台北分行
"通匯業務-同業匯款",093,荷商安智銀行台北分行
"通匯業務-同業匯款",098,日商三菱日聯銀行台北分行
"通匯業務-同業匯款",101,瑞興商業銀行
"通匯業務-同業匯款",102,華泰商業銀行
"通匯業務-同業匯款",103,臺灣新光商業銀行
"通匯業務-同業匯款",108,陽信商業銀行
"通匯業務-同業匯款",114,基隆第一信用合作社
"通匯業務-同業匯款",115,基隆市第二信用合作社
"通匯業務-同業匯款",118,板信商業銀行
"通匯業務-同業匯款",119,淡水第一信用合作社
"通匯業務-同業匯款",130,新竹第一信用合作社
"通匯業務-同業匯款",132,新竹第三信用合作社
"通匯業務-同業匯款",146,台中市第二信用合作社
"通匯業務-同業匯款",147,三信商業銀行
"通匯業務-同業匯款",162,彰化第六信用合作社
"通匯業務-同業匯款",204,高雄市第三信用合作社
"通匯業務-同業匯款",215,花蓮第一信用合作社
"通匯業務-同業匯款",216,花蓮第二信用合作社
"通匯業務-同業匯款",321,日商三井住友銀行台北分行
"通匯業務-同業匯款",326,西班牙商西班牙對外銀行臺北分行
"通匯業務-同業匯款",372,大慶票券金融股份有限公司
"通匯業務-同業匯款",380,大陸商中國銀行臺北分行
"通匯業務-同業匯款",381,大陸商交通銀行臺北分行
"通匯業務-同業匯款",382,大陸商中國建設銀行臺北分行
"通匯業務-同業匯款",600,農金資訊股份有限公司
"通匯業務-同業匯款",700,中華郵政股份有限公司
"通匯業務-同業匯款",803,聯邦商業銀行
"通匯業務-同業匯款",805,遠東國際商業銀行
"通匯業務-同業匯款",806,元大商業銀行
"通匯業務-同業匯款",807,永豐商業銀行
"通匯業務-同業匯款",808,玉山商業銀行
"通匯業務-同業匯款",809,凱基商業銀行
"通匯業務-同業匯款",810,星展(台灣)商業銀行
"通匯業務-同業匯款",812,台新國際商業銀行
"通匯業務-同業匯款",815,日盛國際商業銀行
"通匯業務-同業匯款",816,安泰商業銀行
"通匯業務-同業匯款",822,中國信託商業銀行
"通匯業務-同業匯款",952,財團法人農漁會南區資訊中心
"通匯業務-同業匯款",995,關貿網路股份有限公司
"通匯業務-同業匯款",996,財政部國庫署
"通匯業務-同業匯款",997,中華民國信用合作社聯合社南區聯合資訊處理中心
"通匯業務-證券匯款",004,臺灣銀行
"通匯業務-證券匯款",005,臺灣土地銀行
"通匯業務-證券匯款",006,合作金庫商業銀行
"通匯業務-證券匯款",007,第一商業銀行
"通匯業務-證券匯款",008,華南商業銀行
"通匯業務-證券匯款",009,彰化商業銀行
"通匯業務-證券匯款",011,上海商業儲蓄銀行
"通匯業務-證券匯款",012,台北富邦商業銀行
"通匯業務-證券匯款",013,國泰世華商業銀行
"通匯業務-證券匯款",016,高雄銀行
"通匯業務-證券匯款",017,兆豐國際商業銀行
"通匯業務-證券匯款",018,全國農業金庫
"通匯業務-證券匯款",021,花旗(台灣)商業銀行
"通匯業務-證券匯款",025,菲律賓首都銀行台北分行
"通匯業務-證券匯款",029,新加坡商大華銀行台北分行
"通匯業務-證券匯款",030,美商道富銀行台北分行
"通匯業務-證券匯款",037,法商法國興業銀行台北分行
"通匯業務-證券匯款",039,澳商澳盛銀行台北分行
"通匯業務-證券匯款",050,臺灣中小企業銀行
"通匯業務-證券匯款",052,渣打國際商業銀行
"通匯業務-證券匯款",053,台中商業銀行
"通匯業務-證券匯款",072,德商德意志銀行台北分行
"通匯業務-證券匯款",081,匯豐(台灣)商業銀行
"通匯業務-證券匯款",082,法國巴黎銀行台北分行
"通匯業務-證券匯款",085,新加坡商新加坡華僑銀行台北分行
"通匯業務-證券匯款",086,法商東方匯理銀行台北分行
"通匯業務-證券匯款",092,瑞士商瑞士銀行台北分行
"通匯業務-證券匯款",093,荷商安智銀行台北分行
"通匯業務-證券匯款",103,臺灣新光商業銀行
"通匯業務-證券匯款",108,陽信商業銀行
"通匯業務-證券匯款",115,基隆市第二信用合作社
"通匯業務-證券匯款",118,板信商業銀行
"通匯業務-證券匯款",119,淡水第一信用合作社
"通匯業務-證券匯款",130,新竹第一信用合作社
"通匯業務-證券匯款",146,台中市第二信用合作社
"通匯業務-證券匯款",147,三信商業銀行
"通匯業務-證券匯款",162,彰化第六信用合作社
"通匯業務-證券匯款",204,高雄市第三信用合作社
"通匯業務-證券匯款",215,花蓮第一信用合作社
"通匯業務-證券匯款",216,花蓮第二信用合作社
"通匯業務-證券匯款",321,日商三井住友銀行台北分行
"通匯業務-證券匯款",326,西班牙商西班牙對外銀行臺北分行
"通匯業務-證券匯款",381,大陸商交通銀行臺北分行
"通匯業務-證券匯款",382,大陸商中國建設銀行臺北分行
"通匯業務-證券匯款",600,農金資訊股份有限公司
"通匯業務-證券匯款",803,聯邦商業銀行
"通匯業務-證券匯款",805,遠東國際商業銀行
"通匯業務-證券匯款",806,元大商業銀行
"通匯業務-證券匯款",807,永豐商業銀行
"通匯業務-證券匯款",808,玉山商業銀行
"通匯業務-證券匯款",809,凱基商業銀行
"通匯業務-證券匯款",810,星展(台灣)商業銀行
"通匯業務-證券匯款",812,台新國際商業銀行
"通匯業務-證券匯款",815,日盛國際商業銀行
"通匯業務-證券匯款",816,安泰商業銀行
"通匯業務-證券匯款",822,中國信託商業銀行
"通匯業務-證券匯款",952,財團法人農漁會南區資訊中心
"通匯業務-證券匯款",997,中華民國信用合作社聯合社南區聯合資訊處理中心
"通匯業務-票券匯款",004,臺灣銀行
"通匯業務-票券匯款",005,臺灣土地銀行
"通匯業務-票券匯款",006,合作金庫商業銀行
"通匯業務-票券匯款",007,第一商業銀行
"通匯業務-票券匯款",008,華南商業銀行
"通匯業務-票券匯款",009,彰化商業銀行
"通匯業務-票券匯款",011,上海商業儲蓄銀行
"通匯業務-票券匯款",012,台北富邦商業銀行
"通匯業務-票券匯款",013,國泰世華商業銀行
"通匯業務-票券匯款",016,高雄銀行
"通匯業務-票券匯款",017,兆豐國際商業銀行
"通匯業務-票券匯款",018,全國農業金庫
"通匯業務-票券匯款",020,日商瑞穗銀行台北分行
"通匯業務-票券匯款",023,泰國盤谷銀行台北分行
"通匯業務-票券匯款",025,菲律賓首都銀行台北分行
"通匯業務-票券匯款",030,美商道富銀行台北分行
"通匯業務-票券匯款",037,法商法國興業銀行台北分行
"通匯業務-票券匯款",050,臺灣中小企業銀行
"通匯業務-票券匯款",052,渣打國際商業銀行
"通匯業務-票券匯款",060,兆豐票券金融股份有限公司
"通匯業務-票券匯款",061,中華票券金融股份有限公司
"通匯業務-票券匯款",062,國際票券金融股份有限公司
"通匯業務-票券匯款",072,德商德意志銀行台北分行
"通匯業務-票券匯款",082,法國巴黎銀行台北分行
"通匯業務-票券匯款",086,法商東方匯理銀行台北分行
"通匯業務-票券匯款",092,瑞士商瑞士銀行台北分行
"通匯業務-票券匯款",093,荷商安智銀行台北分行
"通匯業務-票券匯款",102,華泰商業銀行
"通匯業務-票券匯款",103,臺灣新光商業銀行
"通匯業務-票券匯款",108,陽信商業銀行
"通匯業務-票券匯款",118,板信商業銀行
"通匯業務-票券匯款",326,西班牙商西班牙對外銀行臺北分行
"通匯業務-票券匯款",381,大陸商交通銀行臺北分行
"通匯業務-票券匯款",600,農金資訊股份有限公司
"通匯業務-票券匯款",803,聯邦商業銀行
"通匯業務-票券匯款",805,遠東國際商業銀行
"通匯業務-票券匯款",806,元大商業銀行
"通匯業務-票券匯款",807,永豐商業銀行
"通匯業務-票券匯款",808,玉山商業銀行
"通匯業務-票券匯款",812,台新國際商業銀行
"通匯業務-票券匯款",815,日盛國際商業銀行
"通匯業務-票券匯款",816,安泰商業銀行
"通匯業務-票券匯款",822,中國信託商業銀行
"通匯業務-票券匯款",997,中華民國信用合作社聯合社南區聯合資訊處理中心
"外幣結算平台-美元",CBCTTWTP,中央銀行外匯局
"外幣結算平台-美元",BKTWTWTP,臺灣銀行
"外幣結算平台-美元",LBOTTWTP,臺灣土地銀行
"外幣結算平台-美元",TACBTWTP,合作金庫商業銀行
"外幣結算平台-美元",FCBKTWTP,第一商業銀行
"外幣結算平台-美元",HNBKTWTP,華南商業銀行
"外幣結算平台-美元",CCBCTWTP,彰化商業銀行
"外幣結算平台-美元",SCSBTWTP,上海商業儲蓄銀行
"外幣結算平台-美元",TPBKTWTP,台北富邦商業銀行
"外幣結算平台-美元",UWCBTWTP,國泰世華商業銀行
"外幣結算平台-美元",EROCTWTP,中國輸出入銀行
"外幣結算平台-美元",BKAOTWTK,高雄銀行
"外幣結算平台-美元",ICBCTWTP,兆豐國際商業銀行
"外幣結算平台-美元",AGBTTWTP,全國農業金庫
"外幣結算平台-美元",MHCBTWTP,日商瑞穗銀行台北分行
"外幣結算平台-美元",CITITWTX,花旗(台灣)商業銀行
"外幣結算平台-美元",BOFATW2X,美商美國銀行台北分行
"外幣結算平台-美元",BKKBTWTP,泰國盤谷銀行台北分行
"外幣結算平台-美元",MBTCTWTP,菲律賓首都銀行台北分行
"外幣結算平台-美元",IRVTTWTX,美商美國紐約梅隆銀行台北分行
"外幣結算平台-美元",UOVBTWTP,新加坡商大華銀行台北分行
"外幣結算平台-美元",SBOSTWTP,美商道富銀行台北分行
"外幣結算平台-美元",SOGETWTP,法商法國興業銀行台北分行
"外幣結算平台-美元",ANZBTWTP,澳商澳盛銀行台北分行
"外幣結算平台-美元",IBOTTWTP,王道商業銀行
"外幣結算平台-美元",MBBTTWTP,臺灣中小企業銀行
"外幣結算平台-美元",SCBLTWTP,渣打國際商業銀行
"外幣結算平台-美元",TCBBTWTH,台中商業銀行
"外幣結算平台-美元",TNBBTWTN,京城商業銀行
"外幣結算平台-美元",MBFCTWTP,兆豐票券金融股份有限公司
"外幣結算平台-美元",CBFCTWTP,中華票券金融股份有限公司
"外幣結算平台-美元",IBFOTWTP,國際票券金融股份有限公司
"外幣結算平台-美元",DEUTTWTP,德商德意志銀行台北分行
"外幣結算平台-美元",BEASTWTP,香港商東亞銀行台北分行
"外幣結算平台-美元",CHASTWTX,美商摩根大通銀行台北分行
"外幣結算平台-美元",DBSSTWTX,新加坡商星展銀行台北分行
"外幣結算平台-美元",HSBCTWTP,匯豐(台灣)商業銀行
"外幣結算平台-美元",BNPATWTP,法國巴黎銀行台北分行
"外幣結算平台-美元",SCBLTWTX,英商渣打銀行台北分行
"外幣結算平台-美元",OCBCTWTP,新加坡商新加坡華僑銀行台北分行
"外幣結算平台-美元",CRLYTWTP,法商東方匯理銀行台北分行
"外幣結算平台-美元",UBSWTWTP,瑞士商瑞士銀行台北分行
"外幣結算平台-美元",INGBTWTP,荷商安智銀行台北分行
"外幣結算平台-美元",BOTKTWTX,日商三菱日聯銀行台北分行
"外幣結算平台-美元",BOTPTWTP,瑞興商業銀行
"外幣結算平台-美元",HTBKTWTP,華泰商業銀行
"外幣結算平台-美元",MKTBTWTP,臺灣新光商業銀行
"外幣結算平台-美元",SUNYTWTP,陽信商業銀行
"外幣結算平台-美元",BBBKTWTP,板信商業銀行
"外幣結算平台-美元",COBKTWTP,三信商業銀行
"外幣結算平台-美元",SMBCTWTP,日商三井住友銀行台北分行
"外幣結算平台-美元",HSBCTW2P,香港商香港上海匯豐銀行台北分行
"外幣結算平台-美元",BBVATWTP,西班牙商西班牙對外銀行臺北分行
"外幣結算平台-美元",NATXTWTP,法商法國外貿銀行台北分行
"外幣結算平台-美元",BKCHTWTP,大陸商中國銀行臺北分行
"外幣結算平台-美元",COMMTWTP,大陸商交通銀行臺北分行
"外幣結算平台-美元",PCBCTWTP,大陸商中國建設銀行臺北分行
"外幣結算平台-美元",UBOTTWTP,聯邦商業銀行
"外幣結算平台-美元",FEINTWTP,遠東國際商業銀行
"外幣結算平台-美元",APBKTWTH,元大商業銀行
"外幣結算平台-美元",SINOTWTP,永豐商業銀行
"外幣結算平台-美元",ESUNTWTP,玉山商業銀行
"外幣結算平台-美元",CDIBTWTP,凱基商業銀行
"外幣結算平台-美元",DBSSTWTP,星展(台灣)商業銀行
"外幣結算平台-美元",TSIBTWTP,台新國際商業銀行
"外幣結算平台-美元",JSIBTWTP,日盛國際商業銀行
"外幣結算平台-美元",ENTITWTP,安泰商業銀行
"外幣結算平台-美元",CTCBTWTP,中國信託商業銀行
"外幣結算平台-美元",KGISTWTP,凱基證券股份有限公司
"外幣結算平台-人民幣",CBCTTWTP,中央銀行外匯局
"外幣結算平台-人民幣",BKTWTWTP,臺灣銀行
"外幣結算平台-人民幣",LBOTTWTP,臺灣土地銀行
"外幣結算平台-人民幣",TACBTWTP,合作金庫商業銀行
"外幣結算平台-人民幣",FCBKTWTP,第一商業銀行
"外幣結算平台-人民幣",HNBKTWTP,華南商業銀行
"外幣結算平台-人民幣",CCBCTWTP,彰化商業銀行
"外幣結算平台-人民幣",SCSBTWTP,上海商業儲蓄銀行
"外幣結算平台-人民幣",TPBKTWTP,台北富邦商業銀行
"外幣結算平台-人民幣",UWCBTWTP,國泰世華商業銀行
"外幣結算平台-人民幣",EROCTWTP,中國輸出入銀行
"外幣結算平台-人民幣",BKAOTWTK,高雄銀行
"外幣結算平台-人民幣",ICBCTWTP,兆豐國際商業銀行
"外幣結算平台-人民幣",AGBTTWTP,全國農業金庫
"外幣結算平台-人民幣",MHCBTWTP,日商瑞穗銀行台北分行
"外幣結算平台-人民幣",CITITWTX,花旗(台灣)商業銀行
"外幣結算平台-人民幣",BOFATW2X,美商美國銀行台北分行
"外幣結算平台-人民幣",BKKBTWTP,泰國盤谷銀行台北分行
"外幣結算平台-人民幣",IRVTTWTX,美商美國紐約梅隆銀行台北分行
"外幣結算平台-人民幣",UOVBTWTP,新加坡商大華銀行台北分行
"外幣結算平台-人民幣",SOGETWTP,法商法國興業銀行台北分行
"外幣結算平台-人民幣",ANZBTWTP,澳商澳盛銀行台北分行
"外幣結算平台-人民幣",IBOTTWTP,王道商業銀行
"外幣結算平台-人民幣",MBBTTWTP,臺灣中小企業銀行
"外幣結算平台-人民幣",SCBLTWTP,渣打國際商業銀行
"外幣結算平台-人民幣",TCBBTWTH,台中商業銀行
"外幣結算平台-人民幣",TNBBTWTN,京城商業銀行
"外幣結算平台-人民幣",MBFCTWTP,兆豐票券金融股份有限公司
"外幣結算平台-人民幣",CBFCTWTP,中華票券金融股份有限公司
"外幣結算平台-人民幣",IBFOTWTP,國際票券金融股份有限公司
"外幣結算平台-人民幣",DEUTTWTP,德商德意志銀行台北分行
"外幣結算平台-人民幣",BEASTWTP,香港商東亞銀行台北分行
"外幣結算平台-人民幣",DBSSTWTX,新加坡商星展銀行台北分行
"外幣結算平台-人民幣",HSBCTWTP,匯豐(台灣)商業銀行
"外幣結算平台-人民幣",BNPATWTP,法國巴黎銀行台北分行
"外幣結算平台-人民幣",OCBCTWTP,新加坡商新加坡華僑銀行台北分行
"外幣結算平台-人民幣",CRLYTWTP,法商東方匯理銀行台北分行
"外幣結算平台-人民幣",BOTKTWTX,日商三菱日聯銀行台北分行
"外幣結算平台-人民幣",BOTPTWTP,瑞興商業銀行
"外幣結算平台-人民幣",HTBKTWTP,華泰商業銀行
"外幣結算平台-人民幣",MKTBTWTP,臺灣新光商業銀行
"外幣結算平台-人民幣",SUNYTWTP,陽信商業銀行
"外幣結算平台-人民幣",BBBKTWTP,板信商業銀行
"外幣結算平台-人民幣",COBKTWTP,三信商業銀行
"外幣結算平台-人民幣",SMBCTWTP,日商三井住友銀行台北分行
"外幣結算平台-人民幣",BBVATWTP,西班牙商西班牙對外銀行臺北分行
"外幣結算平台-人民幣",BKCHTWTP,大陸商中國銀行臺北分行
"外幣結算平台-人民幣",COMMTWTP,大陸商交通銀行臺北分行
"外幣結算平台-人民幣",PCBCTWTP,大陸商中國建設銀行臺北分行
"外幣結算平台-人民幣",UBOTTWTP,聯邦商業銀行
"外幣結算平台-人民幣",FEINTWTP,遠東國際商業銀行
"外幣結算平台-人民幣",APBKTWTH,元大商業銀行
"外幣結算平台-人民幣",SINOTWTP,永豐商業銀行
"外幣結算平台-人民幣",ESUNTWTP,玉山商業銀行
"外幣結算平台-人民幣",CDIBTWTP,凱基商業銀行
"外幣結算平台-人民幣",DBSSTWTP,星展(台灣)商業銀行
"外幣結算平台-人民幣",TSIBTWTP,台新國際商業銀行
"外幣結算平台-人民幣",JSIBTWTP,日盛國際商業銀行
"外幣結算平台-人民幣",ENTITWTP,安泰商業銀行
"外幣結算平台-人民幣",CTCBTWTP,中國信託商業銀行
"外幣結算平台-人民幣",KGISTWTP,凱基證券股份有限公司
"外幣結算平台-日圓",BKTWTWTP,臺灣銀行
"外幣結算平台-日圓",LBOTTWTP,臺灣土地銀行
"外幣結算平台-日圓",TACBTWTP,合作金庫商業銀行
"外幣結算平台-日圓",FCBKTWTP,第一商業銀行
"外幣結算平台-日圓",HNBKTWTP,華南商業銀行
"外幣結算平台-日圓",CCBCTWTP,彰化商業銀行
"外幣結算平台-日圓",SCSBTWTP,上海商業儲蓄銀行
"外幣結算平台-日圓",TPBKTWTP,台北富邦商業銀行
"外幣結算平台-日圓",UWCBTWTP,國泰世華商業銀行
"外幣結算平台-日圓",EROCTWTP,中國輸出入銀行
"外幣結算平台-日圓",BKAOTWTK,高雄銀行
"外幣結算平台-日圓",ICBCTWTP,兆豐國際商業銀行
"外幣結算平台-日圓",AGBTTWTP,全國農業金庫
"外幣結算平台-日圓",MHCBTWTP,日商瑞穗銀行台北分行
"外幣結算平台-日圓",ANZBTWTP,澳商澳盛銀行台北分行
"外幣結算平台-日圓",IBOTTWTP,王道商業銀行
"外幣結算平台-日圓",MBBTTWTP,臺灣中小企業銀行
"外幣結算平台-日圓",TCBBTWTH,台中商業銀行
"外幣結算平台-日圓",TNBBTWTN,京城商業銀行
"外幣結算平台-日圓",BOTKTWTX,日商三菱日聯銀行台北分行
"外幣結算平台-日圓",BOTPTWTP,瑞興商業銀行
"外幣結算平台-日圓",HTBKTWTP,華泰商業銀行
"外幣結算平台-日圓",MKTBTWTP,臺灣新光商業銀行
"外幣結算平台-日圓",SUNYTWTP,陽信商業銀行
"外幣結算平台-日圓",BBBKTWTP,板信商業銀行
"外幣結算平台-日圓",COBKTWTP,三信商業銀行
"外幣結算平台-日圓",SMBCTWTP,日商三井住友銀行台北分行
"外幣結算平台-日圓",UBOTTWTP,聯邦商業銀行
"外幣結算平台-日圓",FEINTWTP,遠東國際商業銀行
"外幣結算平台-日圓",APBKTWTH,元大商業銀行
"外幣結算平台-日圓",SINOTWTP,永豐商業銀行
"外幣結算平台-日圓",ESUNTWTP,玉山商業銀行
"外幣結算平台-日圓",CDIBTWTP,凱基商業銀行
"外幣結算平台-日圓",DBSSTWTP,星展(台灣)商業銀行
"外幣結算平台-日圓",TSIBTWTP,台新國際商業銀行
"外幣結算平台-日圓",JSIBTWTP,日盛國際商業銀行
"外幣結算平台-日圓",ENTITWTP,安泰商業銀行
"外幣結算平台-日圓",CTCBTWTP,中國信託商業銀行
"外幣結算平台-日圓",KGISTWTP,凱基證券股份有限公司
"外幣結算平台-歐元",BKTWTWTP,臺灣銀行
"外幣結算平台-歐元",LBOTTWTP,臺灣土地銀行
"外幣結算平台-歐元",TACBTWTP,合作金庫商業銀行
"外幣結算平台-歐元",FCBKTWTP,第一商業銀行
"外幣結算平台-歐元",HNBKTWTP,華南商業銀行
"外幣結算平台-歐元",CCBCTWTP,彰化商業銀行
"外幣結算平台-歐元",SCSBTWTP,上海商業儲蓄銀行
"外幣結算平台-歐元",TPBKTWTP,台北富邦商業銀行
"外幣結算平台-歐元",UWCBTWTP,國泰世華商業銀行
"外幣結算平台-歐元",EROCTWTP,中國輸出入銀行
"外幣結算平台-歐元",BKAOTWTK,高雄銀行
"外幣結算平台-歐元",ICBCTWTP,兆豐國際商業銀行
"外幣結算平台-歐元",AGBTTWTP,全國農業金庫
"外幣結算平台-歐元",MHCBTWTP,日商瑞穗銀行台北分行
"外幣結算平台-歐元",SOGETWTP,法商法國興業銀行台北分行
"外幣結算平台-歐元",IBOTTWTP,王道商業銀行
"外幣結算平台-歐元",MBBTTWTP,臺灣中小企業銀行
"外幣結算平台-歐元",TCBBTWTH,台中商業銀行
"外幣結算平台-歐元",TNBBTWTN,京城商業銀行
"外幣結算平台-歐元",IBFOTWTP,國際票券金融股份有限公司
"外幣結算平台-歐元",BOTPTWTP,瑞興商業銀行
"外幣結算平台-歐元",HTBKTWTP,華泰商業銀行
"外幣結算平台-歐元",MKTBTWTP,臺灣新光商業銀行
"外幣結算平台-歐元",SUNYTWTP,陽信商業銀行
"外幣結算平台-歐元",BBBKTWTP,板信商業銀行
"外幣結算平台-歐元",COBKTWTP,三信商業銀行
"外幣結算平台-歐元",SMBCTWTP,日商三井住友銀行台北分行
"外幣結算平台-歐元",UBOTTWTP,聯邦商業銀行
"外幣結算平台-歐元",FEINTWTP,遠東國際商業銀行
"外幣結算平台-歐元",APBKTWTH,元大商業銀行
"外幣結算平台-歐元",SINOTWTP,永豐商業銀行
"外幣結算平台-歐元",ESUNTWTP,玉山商業銀行
"外幣結算平台-歐元",CDIBTWTP,凱基商業銀行
"外幣結算平台-歐元",DBSSTWTP,星展(台灣)商業銀行
"外幣結算平台-歐元",TSIBTWTP,台新國際商業銀行
"外幣結算平台-歐元",JSIBTWTP,日盛國際商業銀行
"外幣結算平台-歐元",ENTITWTP,安泰商業銀行
"外幣結算平台-歐元",CTCBTWTP,中國信託商業銀行
"外幣結算平台-歐元",KGISTWTP,凱基證券股份有限公司
"外幣結算平台-澳幣",BKTWTWTP,臺灣銀行
"外幣結算平台-澳幣",LBOTTWTP,臺灣土地銀行
"外幣結算平台-澳幣",TACBTWTP,合作金庫商業銀行
"外幣結算平台-澳幣",FCBKTWTP,第一商業銀行
"外幣結算平台-澳幣",HNBKTWTP,華南商業銀行
"外幣結算平台-澳幣",CCBCTWTP,彰化商業銀行
"外幣結算平台-澳幣",SCSBTWTP,上海商業儲蓄銀行
"外幣結算平台-澳幣",TPBKTWTP,台北富邦商業銀行
"外幣結算平台-澳幣",UWCBTWTP,國泰世華商業銀行
"外幣結算平台-澳幣",BKAOTWTK,高雄銀行
"外幣結算平台-澳幣",ICBCTWTP,兆豐國際商業銀行
"外幣結算平台-澳幣",MBBTTWTP,臺灣中小企業銀行
"外幣結算平台-澳幣",TCBBTWTH,台中商業銀行
"外幣結算平台-澳幣",TNBBTWTN,京城商業銀行
"外幣結算平台-澳幣",MBFCTWTP,兆豐票券金融股份有限公司
"外幣結算平台-澳幣",BOTPTWTP,瑞興商業銀行
"外幣結算平台-澳幣",HTBKTWTP,華泰商業銀行
"外幣結算平台-澳幣",MKTBTWTP,臺灣新光商業銀行
"外幣結算平台-澳幣",SUNYTWTP,陽信商業銀行
"外幣結算平台-澳幣",BBBKTWTP,板信商業銀行
"外幣結算平台-澳幣",COBKTWTP,三信商業銀行
"外幣結算平台-澳幣",UBOTTWTP,聯邦商業銀行
"外幣結算平台-澳幣",APBKTWTH,元大商業銀行
"外幣結算平台-澳幣",SINOTWTP,永豐商業銀行
"外幣結算平台-澳幣",ESUNTWTP,玉山商業銀行
"外幣結算平台-澳幣",CDIBTWTP,凱基商業銀行
"外幣結算平台-澳幣",TSIBTWTP,台新國際商業銀行
"外幣結算平台-澳幣",JSIBTWTP,日盛國際商業銀行
"外幣結算平台-澳幣",ENTITWTP,安泰商業銀行
"外幣結算平台-代收付",BKTWTWTP,臺灣銀行
"外幣結算平台-代收付",LBOTTWTP,臺灣土地銀行
"外幣結算平台-代收付",FCBKTWTP,第一商業銀行
"外幣結算平台-代收付",HNBKTWTP,華南商業銀行
"外幣結算平台-代收付",CCBCTWTP,彰化商業銀行
"外幣結算平台-代收付",SCSBTWTP,上海商業儲蓄銀行
"外幣結算平台-代收付",UWCBTWTP,國泰世華商業銀行
"外幣結算平台-代收付",BKAOTWTK,高雄銀行
"外幣結算平台-代收付",ICBCTWTP,兆豐國際商業銀行
"外幣結算平台-代收付",TCBBTWTH,台中商業銀行
"外幣結算平台-代收付",TNBBTWTN,京城商業銀行
"外幣結算平台-代收付",HTBKTWTP,華泰商業銀行
"外幣結算平台-代收付",MKTBTWTP,臺灣新光商業銀行
"外幣結算平台-代收付",COBKTWTP,三信商業銀行
"外幣結算平台-代收付",APBKTWTH,元大商業銀行
"外幣結算平台-代收付",SINOTWTP,永豐商業銀行
"外幣結算平台-代收付",ESUNTWTP,玉山商業銀行
"外幣結算平台-代收付",TSIBTWTP,台新國際商業銀行
"外幣結算平台-代收付",JSIBTWTP,日盛國際商業銀行
"外幣結算平台-代收付",ENTITWTP,安泰商業銀行
"跨行自動化服務機器業務(國際卡)",004,臺灣銀行
"跨行自動化服務機器業務(國際卡)",005,臺灣土地銀行
"跨行自動化服務機器業務(國際卡)",006,合作金庫商業銀行
"跨行自動化服務機器業務(國際卡)",007,第一商業銀行
"跨行自動化服務機器業務(國際卡)",008,華南商業銀行
"跨行自動化服務機器業務(國際卡)",009,彰化商業銀行
"跨行自動化服務機器業務(國際卡)",011,上海商業儲蓄銀行
"跨行自動化服務機器業務(國際卡)",012,台北富邦商業銀行
"跨行自動化服務機器業務(國際卡)",013,國泰世華商業銀行
"跨行自動化服務機器業務(國際卡)",016,高雄銀行
"跨行自動化服務機器業務(國際卡)",017,兆豐國際商業銀行
"跨行自動化服務機器業務(國際卡)",039,澳商澳盛銀行台北分行
"跨行自動化服務機器業務(國際卡)",050,臺灣中小企業銀行
"跨行自動化服務機器業務(國際卡)",052,渣打國際商業銀行
"跨行自動化服務機器業務(國際卡)",053,台中商業銀行
"跨行自動化服務機器業務(國際卡)",081,匯豐(台灣)商業銀行
"跨行自動化服務機器業務(國際卡)",103,臺灣新光商業銀行
"跨行自動化服務機器業務(國際卡)",108,陽信商業銀行
"跨行自動化服務機器業務(國際卡)",118,板信商業銀行
"跨行自動化服務機器業務(國際卡)",147,三信商業銀行
"跨行自動化服務機器業務(國際卡)",700,中華郵政股份有限公司
"跨行自動化服務機器業務(國際卡)",803,聯邦商業銀行
"跨行自動化服務機器業務(國際卡)",805,遠東國際商業銀行
"跨行自動化服務機器業務(國際卡)",806,元大商業銀行
"跨行自動化服務機器業務(國際卡)",807,永豐商業銀行
"跨行自動化服務機器業務(國際卡)",808,玉山商業銀行
"跨行自動化服務機器業務(國際卡)",809,凱基商業銀行
"跨行自動化服務機器業務(國際卡)",810,星展(台灣)商業銀行
"跨行自動化服務機器業務(國際卡)",812,台新國際商業銀行
"跨行自動化服務機器業務(國際卡)",815,日盛國際商業銀行
"跨行自動化服務機器業務(國際卡)",822,中國信託商業銀行
"全國性繳費/稅業務-活期性帳戶繳費作業",004,臺灣銀行
"全國性繳費/稅業務-活期性帳戶繳費作業",005,臺灣土地銀行
"全國性繳費/稅業務-活期性帳戶繳費作業",006,合作金庫商業銀行
"全國性繳費/稅業務-活期性帳戶繳費作業",007,第一商業銀行
"全國性繳費/稅業務-活期性帳戶繳費作業",008,華南商業銀行
"全國性繳費/稅業務-活期性帳戶繳費作業",009,彰化商業銀行
"全國性繳費/稅業務-活期性帳戶繳費作業",011,上海商業儲蓄銀行
"全國性繳費/稅業務-活期性帳戶繳費作業",012,台北富邦商業銀行
"全國性繳費/稅業務-活期性帳戶繳費作業",013,國泰世華商業銀行
"全國性繳費/稅業務-活期性帳戶繳費作業",016,高雄銀行
"全國性繳費/稅業務-活期性帳戶繳費作業",017,兆豐國際商業銀行
"全國性繳費/稅業務-活期性帳戶繳費作業",021,花旗(台灣)商業銀行
"全國性繳費/稅業務-活期性帳戶繳費作業",022,美國銀行台北分行
"全國性繳費/稅業務-活期性帳戶繳費作業",048,王道商業銀行
"全國性繳費/稅業務-活期性帳戶繳費作業",050,臺灣中小企業銀行
"全國性繳費/稅業務-活期性帳戶繳費作業",052,渣打國際商業銀行
"全國性繳費/稅業務-活期性帳戶繳費作業",053,台中商業銀行
"全國性繳費/稅業務-活期性帳戶繳費作業",054,京城商業銀行
"全國性繳費/稅業務-活期性帳戶繳費作業",081,匯豐(台灣)商業銀行
"全國性繳費/稅業務-活期性帳戶繳費作業",101,瑞興商業銀行
"全國性繳費/稅業務-活期性帳戶繳費作業",102,華泰商業銀行
"全國性繳費/稅業務-活期性帳戶繳費作業",103,臺灣新光商業銀行
"全國性繳費/稅業務-活期性帳戶繳費作業",108,陽信商業銀行
"全國性繳費/稅業務-活期性帳戶繳費作業",114,基隆第一信用合作社
"全國性繳費/稅業務-活期性帳戶繳費作業",115,基隆市第二信用合作社
"全國性繳費/稅業務-活期性帳戶繳費作業",118,板信商業銀行
"全國性繳費/稅業務-活期性帳戶繳費作業",119,淡水第一信用合作社
"全國性繳費/稅業務-活期性帳戶繳費作業",130,新竹第一信用合作社
"全國性繳費/稅業務-活期性帳戶繳費作業",132,新竹第三信用合作社
"全國性繳費/稅業務-活期性帳戶繳費作業",146,台中市第二信用合作社
"全國性繳費/稅業務-活期性帳戶繳費作業",147,三信商業銀行
"全國性繳費/稅業務-活期性帳戶繳費作業",162,彰化第六信用合作社
"全國性繳費/稅業務-活期性帳戶繳費作業",204,高雄市第三信用合作社
"全國性繳費/稅業務-活期性帳戶繳費作業",215,花蓮第一信用合作社
"全國性繳費/稅業務-活期性帳戶繳費作業",216,花蓮第二信用合作社
"全國性繳費/稅業務-活期性帳戶繳費作業",600,農金資訊股份有限公司
"全國性繳費/稅業務-活期性帳戶繳費作業",700,中華郵政股份有限公司
"全國性繳費/稅業務-活期性帳戶繳費作業",803,聯邦商業銀行
"全國性繳費/稅業務-活期性帳戶繳費作業",805,遠東國際商業銀行
"全國性繳費/稅業務-活期性帳戶繳費作業",806,元大商業銀行
"全國性繳費/稅業務-活期性帳戶繳費作業",807,永豐商業銀行
"全國性繳費/稅業務-活期性帳戶繳費作業",808,玉山商業銀行
"全國性繳費/稅業務-活期性帳戶繳費作業",809,凱基商業銀行
"全國性繳費/稅業務-活期性帳戶繳費作業",810,星展(台灣)商業銀行
"全國性繳費/稅業務-活期性帳戶繳費作業",812,台新國際商業銀行
"全國性繳費/稅業務-活期性帳戶繳費作業",815,日盛國際商業銀行
"全國性繳費/稅業務-活期性帳戶繳費作業",816,安泰商業銀行
"全國性繳費/稅業務-活期性帳戶繳費作業",822,中國信託商業銀行
"全國性繳費/稅業務-活期性帳戶繳費作業",952,財團法人農漁會南區資訊中心
"全國性繳費/稅業務-活期性帳戶繳費作業",997,中華民國信用合作社聯合社南區聯合資訊處理中心
"全國性繳費/稅業務-晶片金融卡繳費作業",004,臺灣銀行
"全國性繳費/稅業務-晶片金融卡繳費作業",005,臺灣土地銀行
"全國性繳費/稅業務-晶片金融卡繳費作業",006,合作金庫商業銀行
"全國性繳費/稅業務-晶片金融卡繳費作業",007,第一商業銀行
"全國性繳費/稅業務-晶片金融卡繳費作業",008,華南商業銀行
"全國性繳費/稅業務-晶片金融卡繳費作業",009,彰化商業銀行
"全國性繳費/稅業務-晶片金融卡繳費作業",011,上海商業儲蓄銀行
"全國性繳費/稅業務-晶片金融卡繳費作業",012,台北富邦商業銀行
"全國性繳費/稅業務-晶片金融卡繳費作業",013,國泰世華商業銀行
"全國性繳費/稅業務-晶片金融卡繳費作業",016,高雄銀行
"全國性繳費/稅業務-晶片金融卡繳費作業",017,兆豐國際商業銀行
"全國性繳費/稅業務-晶片金融卡繳費作業",018,全國農業金庫
"全國性繳費/稅業務-晶片金融卡繳費作業",021,花旗(台灣)商業銀行
"全國性繳費/稅業務-晶片金融卡繳費作業",022,美國銀行台北分行
"全國性繳費/稅業務-晶片金融卡繳費作業",039,澳商澳盛銀行台北分行
"全國性繳費/稅業務-晶片金融卡繳費作業",048,王道商業銀行
"全國性繳費/稅業務-晶片金融卡繳費作業",050,臺灣中小企業銀行
"全國性繳費/稅業務-晶片金融卡繳費作業",052,渣打國際商業銀行
"全國性繳費/稅業務-晶片金融卡繳費作業",053,台中商業銀行
"全國性繳費/稅業務-晶片金融卡繳費作業",054,京城商業銀行
"全國性繳費/稅業務-晶片金融卡繳費作業",081,匯豐(台灣)商業銀行
"全國性繳費/稅業務-晶片金融卡繳費作業",101,瑞興商業銀行
"全國性繳費/稅業務-晶片金融卡繳費作業",102,華泰商業銀行
"全國性繳費/稅業務-晶片金融卡繳費作業",103,臺灣新光商業銀行
"全國性繳費/稅業務-晶片金融卡繳費作業",108,陽信商業銀行
"全國性繳費/稅業務-晶片金融卡繳費作業",114,基隆第一信用合作社
"全國性繳費/稅業務-晶片金融卡繳費作業",115,基隆市第二信用合作社
"全國性繳費/稅業務-晶片金融卡繳費作業",118,板信商業銀行
"全國性繳費/稅業務-晶片金融卡繳費作業",119,淡水第一信用合作社
"全國性繳費/稅業務-晶片金融卡繳費作業",130,新竹第一信用合作社
"全國性繳費/稅業務-晶片金融卡繳費作業",132,新竹第三信用合作社
"全國性繳費/稅業務-晶片金融卡繳費作業",146,台中市第二信用合作社
"全國性繳費/稅業務-晶片金融卡繳費作業",147,三信商業銀行
"全國性繳費/稅業務-晶片金融卡繳費作業",162,彰化第六信用合作社
"全國性繳費/稅業務-晶片金融卡繳費作業",204,高雄市第三信用合作社
"全國性繳費/稅業務-晶片金融卡繳費作業",215,花蓮第一信用合作社
"全國性繳費/稅業務-晶片金融卡繳費作業",216,花蓮第二信用合作社
"全國性繳費/稅業務-晶片金融卡繳費作業",600,農金資訊股份有限公司
"全國性繳費/稅業務-晶片金融卡繳費作業",700,中華郵政股份有限公司
"全國性繳費/稅業務-晶片金融卡繳費作業",803,聯邦商業銀行
"全國性繳費/稅業務-晶片金融卡繳費作業",805,遠東國際商業銀行
"全國性繳費/稅業務-晶片金融卡繳費作業",806,元大商業銀行
"全國性繳費/稅業務-晶片金融卡繳費作業",807,永豐商業銀行
"全國性繳費/稅業務-晶片金融卡繳費作業",808,玉山商業銀行
"全國性繳費/稅業務-晶片金融卡繳費作業",809,凱基商業銀行
"全國性繳費/稅業務-晶片金融卡繳費作業",810,星展(台灣)商業銀行
"全國性繳費/稅業務-晶片金融卡繳費作業",812,台新國際商業銀行
"全國性繳費/稅業務-晶片金融卡繳費作業",815,日盛國際商業銀行
"全國性繳費/稅業務-晶片金融卡繳費作業",816,安泰商業銀行
"全國性繳費/稅業務-晶片金融卡繳費作業",822,中國信託商業銀行
"全國性繳費/稅業務-晶片金融卡繳費作業",952,財團法人農漁會南區資訊中心
"全國性繳費/稅業務-晶片金融卡繳費作業",997,中華民國信用合作社聯合社南區聯合資訊處理中心
"全國性繳費/稅業務-約定授權繳費作業",004,臺灣銀行
"全國性繳費/稅業務-約定授權繳費作業",005,臺灣土地銀行
"全國性繳費/稅業務-約定授權繳費作業",006,合作金庫商業銀行
"全國性繳費/稅業務-約定授權繳費作業",007,第一商業銀行
"全國性繳費/稅業務-約定授權繳費作業",008,華南商業銀行
"全國性繳費/稅業務-約定授權繳費作業",009,彰化商業銀行
"全國性繳費/稅業務-約定授權繳費作業",011,上海商業儲蓄銀行
"全國性繳費/稅業務-約定授權繳費作業",012,台北富邦商業銀行
"全國性繳費/稅業務-約定授權繳費作業",013,國泰世華商業銀行
"全國性繳費/稅業務-約定授權繳費作業",016,高雄銀行
"全國性繳費/稅業務-約定授權繳費作業",017,兆豐國際商業銀行
"全國性繳費/稅業務-約定授權繳費作業",022,美國銀行台北分行
"全國性繳費/稅業務-約定授權繳費作業",050,臺灣中小企業銀行
"全國性繳費/稅業務-約定授權繳費作業",052,渣打國際商業銀行
"全國性繳費/稅業務-約定授權繳費作業",053,台中商業銀行
"全國性繳費/稅業務-約定授權繳費作業",054,京城商業銀行
"全國性繳費/稅業務-約定授權繳費作業",101,瑞興商業銀行
"全國性繳費/稅業務-約定授權繳費作業",102,華泰商業銀行
"全國性繳費/稅業務-約定授權繳費作業",103,臺灣新光商業銀行
"全國性繳費/稅業務-約定授權繳費作業",108,陽信商業銀行
"全國性繳費/稅業務-約定授權繳費作業",114,基隆第一信用合作社
"全國性繳費/稅業務-約定授權繳費作業",115,基隆市第二信用合作社
"全國性繳費/稅業務-約定授權繳費作業",118,板信商業銀行
"全國性繳費/稅業務-約定授權繳費作業",119,淡水第一信用合作社
"全國性繳費/稅業務-約定授權繳費作業",130,新竹第一信用合作社
"全國性繳費/稅業務-約定授權繳費作業",132,新竹第三信用合作社
"全國性繳費/稅業務-約定授權繳費作業",146,台中市第二信用合作社
"全國性繳費/稅業務-約定授權繳費作業",147,三信商業銀行
"全國性繳費/稅業務-約定授權繳費作業",162,彰化第六信用合作社
"全國性繳費/稅業務-約定授權繳費作業",204,高雄市第三信用合作社
"全國性繳費/稅業務-約定授權繳費作業",215,花蓮第一信用合作社
"全國性繳費/稅業務-約定授權繳費作業",216,花蓮第二信用合作社
"全國性繳費/稅業務-約定授權繳費作業",600,農金資訊股份有限公司
"全國性繳費/稅業務-約定授權繳費作業",803,聯邦商業銀行
"全國性繳費/稅業務-約定授權繳費作業",805,遠東國際商業銀行
"全國性繳費/稅業務-約定授權繳費作業",806,元大商業銀行
"全國性繳費/稅業務-約定授權繳費作業",807,永豐商業銀行
"全國性繳費/稅業務-約定授權繳費作業",808,玉山商業銀行
"全國性繳費/稅業務-約定授權繳費作業",809,凱基商業銀行
"全國性繳費/稅業務-約定授權繳費作業",810,星展(台灣)商業銀行
"全國性繳費/稅業務-約定授權繳費作業",812,台新國際商業銀行
"全國性繳費/稅業務-約定授權繳費作業",815,日盛國際商業銀行
"全國性繳費/稅業務-約定授權繳費作業",816,安泰商業銀行
"全國性繳費/稅業務-約定授權繳費作業",952,財團法人農漁會南區資訊中心
"全國性繳費/稅業務-約定授權繳費作業",997,中華民國信用合作社聯合社南區聯合資訊處理中心
"全國性繳費/稅業務-活期性帳戶繳稅作業",004,臺灣銀行
"全國性繳費/稅業務-活期性帳戶繳稅作業",005,臺灣土地銀行
"全國性繳費/稅業務-活期性帳戶繳稅作業",006,合作金庫商業銀行
"全國性繳費/稅業務-活期性帳戶繳稅作業",007,第一商業銀行
"全國性繳費/稅業務-活期性帳戶繳稅作業",008,華南商業銀行
"全國性繳費/稅業務-活期性帳戶繳稅作業",009,彰化商業銀行
"全國性繳費/稅業務-活期性帳戶繳稅作業",011,上海商業儲蓄銀行
"全國性繳費/稅業務-活期性帳戶繳稅作業",012,台北富邦商業銀行
"全國性繳費/稅業務-活期性帳戶繳稅作業",013,國泰世華商業銀行
"全國性繳費/稅業務-活期性帳戶繳稅作業",016,高雄銀行
"全國性繳費/稅業務-活期性帳戶繳稅作業",017,兆豐國際商業銀行
"全國性繳費/稅業務-活期性帳戶繳稅作業",021,花旗(台灣)商業銀行
"全國性繳費/稅業務-活期性帳戶繳稅作業",048,王道商業銀行
"全國性繳費/稅業務-活期性帳戶繳稅作業",050,臺灣中小企業銀行
"全國性繳費/稅業務-活期性帳戶繳稅作業",052,渣打國際商業銀行
"全國性繳費/稅業務-活期性帳戶繳稅作業",053,台中商業銀行
"全國性繳費/稅業務-活期性帳戶繳稅作業",054,京城商業銀行
"全國性繳費/稅業務-活期性帳戶繳稅作業",101,瑞興商業銀行
"全國性繳費/稅業務-活期性帳戶繳稅作業",102,華泰商業銀行
"全國性繳費/稅業務-活期性帳戶繳稅作業",103,臺灣新光商業銀行
"全國性繳費/稅業務-活期性帳戶繳稅作業",108,陽信商業銀行
"全國性繳費/稅業務-活期性帳戶繳稅作業",114,基隆第一信用合作社
"全國性繳費/稅業務-活期性帳戶繳稅作業",115,基隆市第二信用合作社
"全國性繳費/稅業務-活期性帳戶繳稅作業",118,板信商業銀行
"全國性繳費/稅業務-活期性帳戶繳稅作業",119,淡水第一信用合作社
"全國性繳費/稅業務-活期性帳戶繳稅作業",130,新竹第一信用合作社
"全國性繳費/稅業務-活期性帳戶繳稅作業",132,新竹第三信用合作社
"全國性繳費/稅業務-活期性帳戶繳稅作業",146,台中市第二信用合作社
"全國性繳費/稅業務-活期性帳戶繳稅作業",147,三信商業銀行
"全國性繳費/稅業務-活期性帳戶繳稅作業",162,彰化第六信用合作社
"全國性繳費/稅業務-活期性帳戶繳稅作業",215,花蓮第一信用合作社
"全國性繳費/稅業務-活期性帳戶繳稅作業",216,花蓮第二信用合作社
"全國性繳費/稅業務-活期性帳戶繳稅作業",600,農金資訊股份有限公司
"全國性繳費/稅業務-活期性帳戶繳稅作業",700,中華郵政股份有限公司
"全國性繳費/稅業務-活期性帳戶繳稅作業",803,聯邦商業銀行
"全國性繳費/稅業務-活期性帳戶繳稅作業",805,遠東國際商業銀行
"全國性繳費/稅業務-活期性帳戶繳稅作業",806,元大商業銀行
"全國性繳費/稅業務-活期性帳戶繳稅作業",807,永豐商業銀行
"全國性繳費/稅業務-活期性帳戶繳稅作業",808,玉山商業銀行
"全國性繳費/稅業務-活期性帳戶繳稅作業",809,凱基商業銀行
"全國性繳費/稅業務-活期性帳戶繳稅作業",810,星展(台灣)商業銀行
"全國性繳費/稅業務-活期性帳戶繳稅作業",812,台新國際商業銀行
"全國性繳費/稅業務-活期性帳戶繳稅作業",815,日盛國際商業銀行
"全國性繳費/稅業務-活期性帳戶繳稅作業",816,安泰商業銀行
"全國性繳費/稅業務-活期性帳戶繳稅作業",822,中國信託商業銀行
"全國性繳費/稅業務-活期性帳戶繳稅作業",952,財團法人農漁會南區資訊中心
"全國性繳費/稅業務-活期性帳戶繳稅作業",997,中華民國信用合作社聯合社南區聯合資訊處理中心
"全國性繳費/稅業務-晶片金融卡繳稅作業",004,臺灣銀行
"全國性繳費/稅業務-晶片金融卡繳稅作業",005,臺灣土地銀行
"全國性繳費/稅業務-晶片金融卡繳稅作業",006,合作金庫商業銀行
"全國性繳費/稅業務-晶片金融卡繳稅作業",007,第一商業銀行
"全國性繳費/稅業務-晶片金融卡繳稅作業",008,華南商業銀行
"全國性繳費/稅業務-晶片金融卡繳稅作業",009,彰化商業銀行
"全國性繳費/稅業務-晶片金融卡繳稅作業",011,上海商業儲蓄銀行
"全國性繳費/稅業務-晶片金融卡繳稅作業",012,台北富邦商業銀行
"全國性繳費/稅業務-晶片金融卡繳稅作業",013,國泰世華商業銀行
"全國性繳費/稅業務-晶片金融卡繳稅作業",016,高雄銀行
"全國性繳費/稅業務-晶片金融卡繳稅作業",017,兆豐國際商業銀行
"全國性繳費/稅業務-晶片金融卡繳稅作業",021,花旗(台灣)商業銀行
"全國性繳費/稅業務-晶片金融卡繳稅作業",048,王道商業銀行
"全國性繳費/稅業務-晶片金融卡繳稅作業",050,臺灣中小企業銀行
"全國性繳費/稅業務-晶片金融卡繳稅作業",052,渣打國際商業銀行
"全國性繳費/稅業務-晶片金融卡繳稅作業",053,台中商業銀行
"全國性繳費/稅業務-晶片金融卡繳稅作業",054,京城商業銀行
"全國性繳費/稅業務-晶片金融卡繳稅作業",101,瑞興商業銀行
"全國性繳費/稅業務-晶片金融卡繳稅作業",102,華泰商業銀行
"全國性繳費/稅業務-晶片金融卡繳稅作業",103,臺灣新光商業銀行
"全國性繳費/稅業務-晶片金融卡繳稅作業",108,陽信商業銀行
"全國性繳費/稅業務-晶片金融卡繳稅作業",114,基隆第一信用合作社
"全國性繳費/稅業務-晶片金融卡繳稅作業",115,基隆市第二信用合作社
"全國性繳費/稅業務-晶片金融卡繳稅作業",118,板信商業銀行
"全國性繳費/稅業務-晶片金融卡繳稅作業",119,淡水第一信用合作社
"全國性繳費/稅業務-晶片金融卡繳稅作業",130,新竹第一信用合作社
"全國性繳費/稅業務-晶片金融卡繳稅作業",132,新竹第三信用合作社
"全國性繳費/稅業務-晶片金融卡繳稅作業",146,台中市第二信用合作社
"全國性繳費/稅業務-晶片金融卡繳稅作業",147,三信商業銀行
"全國性繳費/稅業務-晶片金融卡繳稅作業",162,彰化第六信用合作社
"全國性繳費/稅業務-晶片金融卡繳稅作業",215,花蓮第一信用合作社
"全國性繳費/稅業務-晶片金融卡繳稅作業",216,花蓮第二信用合作社
"全國性繳費/稅業務-晶片金融卡繳稅作業",600,農金資訊股份有限公司
"全國性繳費/稅業務-晶片金融卡繳稅作業",700,中華郵政股份有限公司
"全國性繳費/稅業務-晶片金融卡繳稅作業",803,聯邦商業銀行
"全國性繳費/稅業務-晶片金融卡繳稅作業",805,遠東國際商業銀行
"全國性繳費/稅業務-晶片金融卡繳稅作業",806,元大商業銀行
"全國性繳費/稅業務-晶片金融卡繳稅作業",807,永豐商業銀行
"全國性繳費/稅業務-晶片金融卡繳稅作業",808,玉山商業銀行
"全國性繳費/稅業務-晶片金融卡繳稅作業",809,凱基商業銀行
"全國性繳費/稅業務-晶片金融卡繳稅作業",810,星展(台灣)商業銀行
"全國性繳費/稅業務-晶片金融卡繳稅作業",812,台新國際商業銀行
"全國性繳費/稅業務-晶片金融卡繳稅作業",815,日盛國際商業銀行
"全國性繳費/稅業務-晶片金融卡繳稅作業",816,安泰商業銀行
"全國性繳費/稅業務-晶片金融卡繳稅作業",822,中國信託商業銀行
"全國性繳費/稅業務-晶片金融卡繳稅作業",952,財團法人農漁會南區資訊中心
"全國性繳費/稅業務-晶片金融卡繳稅作業",997,中華民國信用合作社聯合社南區聯合資訊處理中心
"企業付款業務-金融EDI",004,臺灣銀行
"企業付款業務-金融EDI",005,臺灣土地銀行
"企業付款業務-金融EDI",006,合作金庫商業銀行
"企業付款業務-金融EDI",007,第一商業銀行
"企業付款業務-金融EDI",008,華南商業銀行
"企業付款業務-金融EDI",009,彰化商業銀行
"企業付款業務-金融EDI",011,上海商業儲蓄銀行
"企業付款業務-金融EDI",012,台北富邦商業銀行
"企業付款業務-金融EDI",013,國泰世華商業銀行
"企業付款業務-金融EDI",017,兆豐國際商業銀行
"企業付款業務-金融EDI",050,臺灣中小企業銀行
"企業付款業務-金融EDI",103,臺灣新光商業銀行
"企業付款業務-金融EDI",807,永豐商業銀行
"企業付款業務-金融EDI",812,台新國際商業銀行
"企業付款業務-金融EDI",815,日盛國際商業銀行
"企業付款業務-金融EDI",816,安泰商業銀行
"企業付款業務-金融EDI",822,中國信託商業銀行
"企業付款業務-金融XML",004,臺灣銀行
"企業付款業務-金融XML",005,臺灣土地銀行
"企業付款業務-金融XML",006,合作金庫商業銀行
"企業付款業務-金融XML",007,第一商業銀行
"企業付款業務-金融XML",008,華南商業銀行
"企業付款業務-金融XML",009,彰化商業銀行
"企業付款業務-金融XML",011,上海商業儲蓄銀行
"企業付款業務-金融XML",012,台北富邦商業銀行
"企業付款業務-金融XML",013,國泰世華商業銀行
"企業付款業務-金融XML",016,高雄銀行
"企業付款業務-金融XML",017,兆豐國際商業銀行
"企業付款業務-金融XML",021,花旗(台灣)商業銀行
"企業付款業務-金融XML",039,澳商澳盛銀行台北分行
"企業付款業務-金融XML",048,王道商業銀行
"企業付款業務-金融XML",050,臺灣中小企業銀行
"企業付款業務-金融XML",052,渣打國際商業銀行
"企業付款業務-金融XML",053,台中商業銀行
"企業付款業務-金融XML",054,京城商業銀行
"企業付款業務-金融XML",081,匯豐(台灣)商業銀行
"企業付款業務-金融XML",101,瑞興商業銀行
"企業付款業務-金融XML",102,華泰商業銀行
"企業付款業務-金融XML",103,臺灣新光商業銀行
"企業付款業務-金融XML",108,陽信商業銀行
"企業付款業務-金融XML",118,板信商業銀行
"企業付款業務-金融XML",147,三信商業銀行
"企業付款業務-金融XML",700,中華郵政股份有限公司
"企業付款業務-金融XML",803,聯邦商業銀行
"企業付款業務-金融XML",805,遠東國際商業銀行
"企業付款業務-金融XML",806,元大商業銀行
"企業付款業務-金融XML",807,永豐商業銀行
"企業付款業務-金融XML",808,玉山商業銀行
"企業付款業務-金融XML",809,凱基商業銀行
"企業付款業務-金融XML",810,星展(台灣)商業銀行
"企業付款業務-金融XML",812,台新國際商業銀行
"企業付款業務-金融XML",815,日盛國際商業銀行
"企業付款業務-金融XML",816,安泰商業銀行
"企業付款業務-金融XML",822,中國信託商業銀行
"信用卡業務(發卡)",004,臺灣銀行
"信用卡業務(發卡)",005,臺灣土地銀行
"信用卡業務(發卡)",006,合作金庫商業銀行
"信用卡業務(發卡)",009,彰化商業銀行
"信用卡業務(發卡)",016,高雄銀行
"信用卡業務(發卡)",050,臺灣中小企業銀行
"信用卡業務(收單)",004,臺灣銀行
"信用卡業務(收單)",005,臺灣土地銀行
"信用卡業務(收單)",006,合作金庫商業銀行
"信用卡業務(收單)",007,第一商業銀行
"信用卡業務(收單)",009,彰化商業銀行
"信用卡業務(收單)",011,上海商業儲蓄銀行
"信用卡業務(收單)",016,高雄銀行
"信用卡業務(收單)",050,臺灣中小企業銀行
"信用卡業務(收單)",108,陽信商業銀行
"信用卡業務(收單)",807,永豐商業銀行
"金融卡SmartPay業務(發卡)",004,臺灣銀行
"金融卡SmartPay業務(發卡)",005,臺灣土地銀行
"金融卡SmartPay業務(發卡)",006,合作金庫商業銀行
"金融卡SmartPay業務(發卡)",007,第一商業銀行
"金融卡SmartPay業務(發卡)",008,華南商業銀行
"金融卡SmartPay業務(發卡)",009,彰化商業銀行
"金融卡SmartPay業務(發卡)",011,上海商業儲蓄銀行
"金融卡SmartPay業務(發卡)",012,台北富邦商業銀行
"金融卡SmartPay業務(發卡)",013,國泰世華商業銀行
"金融卡SmartPay業務(發卡)",016,高雄銀行
"金融卡SmartPay業務(發卡)",017,兆豐國際商業銀行
"金融卡SmartPay業務(發卡)",018,全國農業金庫
"金融卡SmartPay業務(發卡)",048,王道商業銀行
"金融卡SmartPay業務(發卡)",050,臺灣中小企業銀行
"金融卡SmartPay業務(發卡)",053,台中商業銀行
"金融卡SmartPay業務(發卡)",054,京城商業銀行
"金融卡SmartPay業務(發卡)",101,瑞興商業銀行
"金融卡SmartPay業務(發卡)",102,華泰商業銀行
"金融卡SmartPay業務(發卡)",103,臺灣新光商業銀行
"金融卡SmartPay業務(發卡)",108,陽信商業銀行
"金融卡SmartPay業務(發卡)",114,基隆第一信用合作社
"金融卡SmartPay業務(發卡)",115,基隆市第二信用合作社
"金融卡SmartPay業務(發卡)",118,板信商業銀行
"金融卡SmartPay業務(發卡)",119,淡水第一信用合作社
"金融卡SmartPay業務(發卡)",130,新竹第一信用合作社
"金融卡SmartPay業務(發卡)",132,新竹第三信用合作社
"金融卡SmartPay業務(發卡)",146,台中市第二信用合作社
"金融卡SmartPay業務(發卡)",147,三信商業銀行
"金融卡SmartPay業務(發卡)",162,彰化第六信用合作社
"金融卡SmartPay業務(發卡)",204,高雄市第三信用合作社
"金融卡SmartPay業務(發卡)",215,花蓮第一信用合作社
"金融卡SmartPay業務(發卡)",216,花蓮第二信用合作社
"金融卡SmartPay業務(發卡)",600,農金資訊股份有限公司
"金融卡SmartPay業務(發卡)",700,中華郵政股份有限公司
"金融卡SmartPay業務(發卡)",803,聯邦商業銀行
"金融卡SmartPay業務(發卡)",805,遠東國際商業銀行
"金融卡SmartPay業務(發卡)",806,元大商業銀行
"金融卡SmartPay業務(發卡)",807,永豐商業銀行
"金融卡SmartPay業務(發卡)",808,玉山商業銀行
"金融卡SmartPay業務(發卡)",809,凱基商業銀行
"金融卡SmartPay業務(發卡)",812,台新商業銀行
"金融卡SmartPay業務(發卡)",815,日盛國際商業銀行
"金融卡SmartPay業務(發卡)",816,安泰商業銀行
"金融卡SmartPay業務(發卡)",822,中國信託商業銀行
"金融卡SmartPay業務(發卡)",952,財團法人農漁會南區資訊中心
"金融卡SmartPay業務(發卡)",997,中華民國信用合作社聯合社南區聯合資訊處理中心
"金融卡SmartPay業務(收單)",004,臺灣銀行
"金融卡SmartPay業務(收單)",005,臺灣土地銀行
"金融卡SmartPay業務(收單)",006,合作金庫商業銀行
"金融卡SmartPay業務(收單)",007,第一商業銀行
"金融卡SmartPay業務(收單)",008,華南商業銀行
"金融卡SmartPay業務(收單)",009,彰化商業銀行
"金融卡SmartPay業務(收單)",011,上海商業儲蓄銀行
"金融卡SmartPay業務(收單)",012,台北富邦商業銀行
"金融卡SmartPay業務(收單)",013,國泰世華商業銀行
"金融卡SmartPay業務(收單)",016,高雄銀行
"金融卡SmartPay業務(收單)",017,兆豐國際商業銀行
"金融卡SmartPay業務(收單)",050,臺灣中小企業銀行
"金融卡SmartPay業務(收單)",053,台中商業銀行
"金融卡SmartPay業務(收單)",101,瑞興商業銀行
"金融卡SmartPay業務(收單)",102,華泰商業銀行
"金融卡SmartPay業務(收單)",103,臺灣新光商業銀行
"金融卡SmartPay業務(收單)",108,陽信商業銀行
"金融卡SmartPay業務(收單)",119,淡水第一信用合作社
"金融卡SmartPay業務(收單)",162,彰化第六信用合作社
"金融卡SmartPay業務(收單)",216,花蓮第二信用合作社
"金融卡SmartPay業務(收單)",600,農金資訊股份有限公司
"金融卡SmartPay業務(收單)",807,永豐商業銀行
"金融卡SmartPay業務(收單)",808,玉山商業銀行
"金融卡SmartPay業務(收單)",809,凱基商業銀行
"金融卡SmartPay業務(收單)",812,台新國際商業銀行
"金融卡SmartPay業務(收單)",822,中國信託商業銀行
"金融卡SmartPay業務(收單)",952,財團法人農漁會南區資訊中心
"金融卡SmartPay業務(收單)",956,財團法人聯合信用卡處理中心
"金融卡SmartPay業務(收單)",979,香港商台灣環匯亞太信用卡公司台灣分公司
"金融卡SmartPay業務(跨國-日本港澳)",004,臺灣銀行
"金融卡SmartPay業務(跨國-日本港澳)",005,臺灣土地銀行
"金融卡SmartPay業務(跨國-日本港澳)",006,合作金庫商業銀行
"金融卡SmartPay業務(跨國-日本港澳)",007,第一商業銀行
"金融卡SmartPay業務(跨國-日本港澳)",008,華南商業銀行
"金融卡SmartPay業務(跨國-日本港澳)",009,彰化商業銀行
"金融卡SmartPay業務(跨國-日本港澳)",011,上海商業儲蓄銀行
"金融卡SmartPay業務(跨國-日本港澳)",013,國泰世華商業銀行
"金融卡SmartPay業務(跨國-日本港澳)",016,高雄銀行
"金融卡SmartPay業務(跨國-日本港澳)",017,兆豐國際商業銀行
"金融卡SmartPay業務(跨國-日本港澳)",050,臺灣中小企業銀行
"金融卡SmartPay業務(跨國-日本港澳)",053,台中商業銀行
"金融卡SmartPay業務(跨國-日本港澳)",103,臺灣新光商業銀行
"金融卡SmartPay業務(跨國-日本港澳)",108,陽信商業銀行
"金融卡SmartPay業務(跨國-日本港澳)",147,三信商業銀行
"金融卡SmartPay業務(跨國-日本港澳)",216,花蓮第二信用合作社
"金融卡SmartPay業務(跨國-日本港澳)",803,聯邦商業銀行
"金融卡SmartPay業務(跨國-日本港澳)",805,遠東國際商業銀行
"金融卡SmartPay業務(跨國-日本港澳)",806,元大商業銀行
"金融卡SmartPay業務(跨國-日本港澳)",807,永豐商業銀行
"金融卡SmartPay業務(跨國-日本港澳)",808,玉山商業銀行
"金融卡SmartPay業務(跨國-日本港澳)",812,台新國際商業銀行
"金融卡SmartPay業務(跨國-日本港澳)",815,日盛國際商業銀行
"Visa金融卡業務",004,臺灣銀行
"Visa金融卡業務",006,合作金庫商業銀行
"Visa金融卡業務",009,彰化商業銀行
"Visa金融卡業務",050,臺灣中小企業銀行
"Visa金融卡業務",053,台中商業銀行
"Visa金融卡業務",700,中華郵政股份有限公司
"網路ATM",004,臺灣銀行
"網路ATM",005,臺灣土地銀行
"網路ATM",006,合作金庫商業銀行
"網路ATM",007,第一商業銀行
"網路ATM",008,華南商業銀行
"網路ATM",009,彰化商業銀行
"網路ATM",011,上海商業儲蓄銀行
"網路ATM",012,台北富邦商業銀行
"網路ATM",013,國泰世華商業銀行
"網路ATM",016,高雄銀行
"網路ATM",017,兆豐國際商業銀行
"網路ATM",021,花旗(台灣)商業銀行
"網路ATM",050,臺灣中小企業銀行
"網路ATM",052,渣打國際商業銀行
"網路ATM",053,台中商業銀行
"網路ATM",054,京城商業銀行
"網路ATM",101,瑞興商業銀行
"網路ATM",102,華泰商業銀行
"網路ATM",103,臺灣新光商業銀行
"網路ATM",108,陽信商業銀行
"網路ATM",114,基隆第一信用合作社
"網路ATM",115,基隆市第二信用合作社
"網路ATM",118,板信商業銀行
"網路ATM",119,淡水第一信用合作社
"網路ATM",130,新竹第一信用合作社
"網路ATM",132,新竹第三信用合作社
"網路ATM",146,台中市第二信用合作社
"網路ATM",147,三信商業銀行
"網路ATM",162,彰化第六信用合作社
"網路ATM",215,花蓮第一信用合作社
"網路ATM",216,花蓮第二信用合作社
"網路ATM",600,農金資訊股份有限公司
"網路ATM",700,中華郵政股份有限公司
"網路ATM",803,聯邦商業銀行
"網路ATM",805,遠東國際商業銀行
"網路ATM",806,元大商業銀行
"網路ATM",807,永豐商業銀行
"網路ATM",808,玉山商業銀行
"網路ATM",809,凱基商業銀行
"網路ATM",812,台新國際商業銀行
"網路ATM",815,日盛國際商業銀行
"網路ATM",816,安泰商業銀行
"網路ATM",822,中國信託商業銀行
"網路ATM",952,財團法人農漁會南區資訊中心
"網路ATM",997,中華民國信用合作社聯合社南區聯合資訊處理中心
